{
  "epoch": 247,
  "mIoU": 63.99831771850586,
  "class_IoUs": [
    90.60858488082886,
    98.55959415435791,
    73.79449605941772,
    63.99831175804138,
    14.308978617191315,
    38.85631263256073,
    46.57333791255951,
    75.69469809532166,
    76.74266695976257,
    62.97787427902222,
    89.97889757156372,
    56.018537282943726,
    43.86586248874664
  ],
  "best_epoch": 247
}