{
  "epoch": 441,
  "mIoU": 50.12127757072449,
  "class_IoUs": [
    86.07054948806763,
    98.16684126853943,
    72.13659286499023,
    0.0,
    1.0104656219482422,
    45.30563950538635,
    26.540154218673706,
    71.40488624572754,
    76.40410661697388,
    61.69044375419617,
    50.12127757072449,
    17.922376096248627,
    44.80332434177399
  ]
}