{
  "epoch": 308,
  "mIoU": 69.93436217308044,
  "class_IoUs": [
    92.20693707466125,
    98.58072400093079,
    76.30516290664673,
    69.93435621261597,
    27.550187706947327,
    61.73449754714966,
    60.13115644454956,
    78.62294912338257,
    76.33190155029297,
    67.22328662872314,
    87.4566376209259,
    56.18776082992554,
    56.88110589981079
  ],
  "best_epoch": 308
}