{
  "epoch": 399,
  "mIoU": 64.33233618736267,
  "class_IoUs": [
    95.39936780929565,
    97.928786277771,
    74.1824746131897,
    64.3323302268982,
    18.267977237701416,
    61.20423674583435,
    57.90760517120361,
    79.4704020023346,
    72.63436317443848,
    75.23139119148254,
    44.119954109191895,
    37.74041533470154,
    57.90106654167175
  ]
}