{
  "epoch": 389,
  "mIoU": 69.62681412696838,
  "class_IoUs": [
    96.09652757644653,
    98.20716381072998,
    79.90254163742065,
    69.62682008743286,
    21.411865949630737,
    58.35239291191101,
    46.78016901016235,
    89.32951092720032,
    80.0377607345581,
    70.49554586410522,
    87.68153190612793,
    55.299317836761475,
    51.92750692367554
  ],
  "best_epoch": 389
}