{
  "epoch": 399,
  "mIoU": 55.90636134147644,
  "class_IoUs": [
    95.3731894493103,
    98.41762781143188,
    78.5760223865509,
    0.0,
    23.86697083711624,
    58.97054672241211,
    52.27355360984802,
    71.6189980506897,
    68.9660370349884,
    65.20441770553589,
    1.3896629214286804,
    56.02676868438721,
    56.09894394874573
  ]
}