{
  "epoch": 327,
  "mIoU": 70.28676271438599,
  "class_IoUs": [
    96.62662148475647,
    98.16007018089294,
    74.11800622940063,
    70.28675079345703,
    24.440622329711914,
    64.8643970489502,
    52.86358594894409,
    77.26491093635559,
    76.97038054466248,
    67.71051287651062,
    91.69630408287048,
    61.70340180397034,
    57.0223331451416
  ],
  "best_epoch": 327
}