{
  "epoch": 399,
  "mIoU": 57.91738033294678,
  "class_IoUs": [
    95.3209638595581,
    97.37369418144226,
    73.4537422657013,
    0.0,
    29.551714658737183,
    66.31920337677002,
    54.19727563858032,
    78.15949320793152,
    77.72436141967773,
    64.28629159927368,
    46.1056113243103,
    12.65096664428711,
    57.78266191482544
  ]
}